{"cameraMode":{"drawMode":0,"name":"Shaded","section":"Shading Mode"},"sceneLighting":false,"audioPlay":false,"sceneViewState":{"m_AlwaysRefresh":false,"showFog":true,"showSkybox":false,"showFlares":true,"showImageEffects":true,"showParticleSystems":true,"showVisualEffectGraphs":true,"m_FxEnabled":true},"in2DMode":false,"pivot":{"x":-0.0014504659920930863,"y":-0.025684751570224763,"z":-0.034376636147499087},"rotation":{"x":-0.026808464899659158,"y":-0.3389039635658264,"z":-0.009661342017352581,"w":0.9403896927833557},"size":0.10980713367462158,"orthographic":false}