{"cameraMode":{"drawMode":0,"name":"Shaded","section":"Shading Mode"},"sceneLighting":true,"audioPlay":false,"sceneViewState":{"m_AlwaysRefresh":false,"showFog":true,"showSkybox":true,"showFlares":true,"showImageEffects":true,"showParticleSystems":true,"showVisualEffectGraphs":true,"m_FxEnabled":true},"in2DMode":false,"pivot":{"x":-0.05577874183654785,"y":3.3329086303710939,"z":68.40872192382813},"rotation":{"x":-0.43377119302749636,"y":0.04943174868822098,"z":-0.023839855566620828,"w":-0.8993569016456604},"size":2.5732085704803469,"orthographic":false}