{"cameraMode":{"drawMode":0,"name":"Shaded","section":"Shading Mode"},"sceneLighting":true,"audioPlay":false,"sceneViewState":{"m_AlwaysRefresh":false,"showFog":true,"showSkybox":true,"showFlares":true,"showImageEffects":true,"showParticleSystems":true,"showVisualEffectGraphs":true,"m_FxEnabled":true},"in2DMode":false,"pivot":{"x":3.341688632965088,"y":15.327370643615723,"z":-12.986681938171387},"rotation":{"x":0.5122895836830139,"y":-0.061723995953798297,"z":0.03694874420762062,"w":0.8557956218719482},"size":6.068904399871826,"orthographic":true}