{"cameraMode":{"drawMode":0,"name":"Shaded","section":"Shading Mode"},"sceneLighting":true,"audioPlay":false,"sceneViewState":{"m_AlwaysRefresh":false,"showFog":true,"showSkybox":true,"showFlares":true,"showImageEffects":true,"showParticleSystems":true,"showVisualEffectGraphs":true,"m_FxEnabled":true},"in2DMode":false,"pivot":{"x":-1.9110028743743897,"y":1.7531969547271729,"z":-0.33658140897750857},"rotation":{"x":0.023539302870631219,"y":-0.7003327012062073,"z":0.023119384422898294,"w":0.7130534052848816},"size":10.513294219970704,"orthographic":false}