{"cameraMode":{"drawMode":0,"name":"Shaded","section":"Shading Mode"},"sceneLighting":true,"audioPlay":false,"sceneViewState":{"m_AlwaysRefresh":false,"showFog":true,"showSkybox":true,"showFlares":true,"showImageEffects":true,"showParticleSystems":true,"showVisualEffectGraphs":true,"m_FxEnabled":true},"in2DMode":false,"pivot":{"x":-0.11883735656738281,"y":4.234294414520264,"z":74.58753204345703},"rotation":{"x":0.06569940596818924,"y":0.18420931696891786,"z":-0.012342413887381554,"w":0.980623185634613},"size":5.503793716430664,"orthographic":false}