{"cameraMode":{"drawMode":0,"name":"Shaded","section":"Shading Mode"},"sceneLighting":true,"audioPlay":false,"sceneViewState":{"m_AlwaysRefresh":false,"showFog":true,"showSkybox":true,"showFlares":true,"showImageEffects":true,"showParticleSystems":true,"showVisualEffectGraphs":true,"m_FxEnabled":true},"in2DMode":false,"pivot":{"x":0.1372089385986328,"y":16.761489868164064,"z":14.627400398254395},"rotation":{"x":-0.050988294184207919,"y":-0.6531453132629395,"z":0.04415478557348251,"w":-0.7542350888252258},"size":16.472557067871095,"orthographic":false}