{"cameraMode":{"drawMode":0,"name":"Shaded","section":"Shading Mode"},"sceneLighting":true,"audioPlay":false,"sceneViewState":{"m_AlwaysRefresh":false,"showFog":true,"showSkybox":true,"showFlares":true,"showImageEffects":true,"showParticleSystems":true,"showVisualEffectGraphs":true,"m_FxEnabled":true},"in2DMode":false,"pivot":{"x":0.14964234828948975,"y":-6.918865203857422,"z":72.30143737792969},"rotation":{"x":0.05995164439082146,"y":-0.020360050722956659,"z":0.0012230355059728027,"w":0.9979928731918335},"size":7.494035243988037,"orthographic":true}