{"cameraMode":{"drawMode":0,"name":"Shaded","section":"Shading Mode"},"sceneLighting":true,"audioPlay":false,"sceneViewState":{"m_AlwaysRefresh":false,"showFog":true,"showSkybox":true,"showFlares":true,"showImageEffects":true,"showParticleSystems":true,"showVisualEffectGraphs":true,"m_FxEnabled":true},"in2DMode":false,"pivot":{"x":77.53971862792969,"y":49.723907470703128,"z":-46.131072998046878},"rotation":{"x":0.09890364855527878,"y":-0.12800143659114839,"z":0.012829951010644436,"w":0.9867488145828247},"size":65.91499328613281,"orthographic":true}