{"cameraMode":{"drawMode":0,"name":"Shaded","section":"Shading Mode"},"sceneLighting":true,"audioPlay":false,"sceneViewState":{"m_AlwaysRefresh":false,"showFog":true,"showSkybox":true,"showFlares":true,"showImageEffects":true,"showParticleSystems":true,"showVisualEffectGraphs":true,"m_FxEnabled":true},"in2DMode":false,"pivot":{"x":1.0371290445327759,"y":2.974853038787842,"z":15.702189445495606},"rotation":{"x":-0.08606739342212677,"y":-0.5502382516860962,"z":0.05715510621666908,"w":-0.8286023139953613},"size":3.6804590225219728,"orthographic":false}